URL_ID,URL
1,https://insights.blackcoffer.com/how-is-login-logout-time-tracking-for-employees-in-office-done-by-ai/
2,https://insights.blackcoffer.com/how-does-ai-help-to-monitor-retail-shelf-watches/
3,https://insights.blackcoffer.com/ai-and-its-impact-on-the-fashion-industry/
4,https://insights.blackcoffer.com/how-do-deep-learning-models-predict-old-and-new-drugs-that-are-successfully-treated-in-healthcare/
5,https://insights.blackcoffer.com/how-artificial-intelligence-can-boost-your-productivity-level/
6,https://insights.blackcoffer.com/how-are-genetic-sequencing-maps-affected-by-deep-learning-and-ai/
7,https://insights.blackcoffer.com/how-is-ai-used-to-solve-traffic-management/
8,https://insights.blackcoffer.com/benefits-of-big-data-in-different-fields/
9,https://insights.blackcoffer.com/how-big-data-will-impact-the-future-of-business/
10,https://insights.blackcoffer.com/how-will-ai-make-decisions-in-tomorrows-wars/
11,https://insights.blackcoffer.com/which-one-is-better-ai-or-big-data/
12,https://insights.blackcoffer.com/how-robots-can-help-in-e-learning-platforms/
13,https://insights.blackcoffer.com/how-does-big-data-help-in-finance-and-the-growth-of-large-firms/
14,https://insights.blackcoffer.com/future-of-work-robot-ai-and-automation/
15,https://insights.blackcoffer.com/how-ai-will-help-the-defense-power-of-a-country/
16,https://insights.blackcoffer.com/future-of-ai-and-machine-roles-in-the-medical-sector/
17,https://insights.blackcoffer.com/ai-in-healthcare-to-improve-patient-outcomes/
18,https://insights.blackcoffer.com/what-if-the-creation-is-taking-over-the-creator/
19,https://insights.blackcoffer.com/what-jobs-will-robots-take-from-humans-in-the-future/
20,https://insights.blackcoffer.com/will-machine-replace-the-human-in-the-future-of-work/
21,https://insights.blackcoffer.com/will-ai-replace-us-or-work-with-us/
22,https://insights.blackcoffer.com/man-and-machines-together-machines-are-more-diligent-than-humans-blackcoffe/
23,https://insights.blackcoffer.com/in-future-or-in-upcoming-years-humans-and-machines-are-going-to-work-together-in-every-field-of-work/
24,https://insights.blackcoffer.com/how-neural-networks-can-be-applied-in-various-areas-in-the-future/
25,https://insights.blackcoffer.com/how-machine-learning-will-affect-your-business/
26,https://insights.blackcoffer.com/deep-learning-impact-on-areas-of-e-learning/
27,https://insights.blackcoffer.com/how-to-protect-future-data-and-its-privacy-blackcoffer/
28,https://insights.blackcoffer.com/how-machines-ai-automations-and-robo-human-are-effective-in-finance-and-banking/
29,https://insights.blackcoffer.com/ai-human-robotics-machine-future-planet-blackcoffer-thinking-jobs-workplace/
30,https://insights.blackcoffer.com/how-ai-will-change-the-world-blackcoffer/
31,https://insights.blackcoffer.com/future-of-work-how-ai-has-entered-the-workplace/
32,https://insights.blackcoffer.com/ai-tool-alexa-google-assistant-finance-banking-tool-future/
33,https://insights.blackcoffer.com/ai-healthcare-revolution-ml-technology-algorithm-google-analytics-industrialrevolution/
34,https://insights.blackcoffer.com/all-you-need-to-know-about-online-marketing/
35,https://insights.blackcoffer.com/evolution-of-advertising-industry/
36,https://insights.blackcoffer.com/how-data-analytics-can-help-your-business-respond-to-the-impact-of-covid-19/
37,https://insights.blackcoffer.com/covid-19-environmental-impact-for-the-future/
38,https://insights.blackcoffer.com/environmental-impact-of-the-covid-19-pandemic-lesson-for-the-future/
39,https://insights.blackcoffer.com/how-data-analytics-and-ai-are-used-to-halt-the-covid-19-pandemic/
40,https://insights.blackcoffer.com/difference-between-artificial-intelligence-machine-learning-statistics-and-data-mining/
41,https://insights.blackcoffer.com/how-python-became-the-first-choice-for-data-science/
42,https://insights.blackcoffer.com/how-google-fit-measure-heart-and-respiratory-rates-using-a-phone/
43,https://insights.blackcoffer.com/what-is-the-future-of-mobile-apps/
45,https://insights.blackcoffer.com/impact-of-ai-in-health-and-medicine/
46,https://insights.blackcoffer.com/telemedicine-what-patients-like-and-dislike-about-it/
47,https://insights.blackcoffer.com/how-we-forecast-future-technologies/
48,https://insights.blackcoffer.com/can-robots-tackle-late-life-loneliness/
49,https://insights.blackcoffer.com/embedding-care-robots-into-society-socio-technical-considerations/
50,https://insights.blackcoffer.com/management-challenges-for-future-digitalization-of-healthcare-services/
51,https://insights.blackcoffer.com/are-we-any-closer-to-preventing-a-nuclear-holocaust/
52,https://insights.blackcoffer.com/will-technology-eliminate-the-need-for-animal-testing-in-drug-development/
53,https://insights.blackcoffer.com/will-we-ever-understand-the-nature-of-consciousness/
54,https://insights.blackcoffer.com/will-we-ever-colonize-outer-space/
55,https://insights.blackcoffer.com/what-is-the-chance-homo-sapiens-will-survive-for-the-next-500-years/
56,https://insights.blackcoffer.com/why-does-your-business-need-a-chatbot/
57,https://insights.blackcoffer.com/how-you-lead-a-project-or-a-team-without-any-technical-expertise/
58,https://insights.blackcoffer.com/can-you-be-great-leader-without-technical-expertise/
59,https://insights.blackcoffer.com/how-does-artificial-intelligence-affect-the-environment/
60,https://insights.blackcoffer.com/how-to-overcome-your-fear-of-making-mistakes-2/
61,https://insights.blackcoffer.com/is-perfection-the-greatest-enemy-of-productivity/
62,https://insights.blackcoffer.com/global-financial-crisis-2008-causes-effects-and-its-solution/
63,https://insights.blackcoffer.com/gender-diversity-and-equality-in-the-tech-industry/
64,https://insights.blackcoffer.com/how-to-overcome-your-fear-of-making-mistakes/
65,https://insights.blackcoffer.com/how-small-business-can-survive-the-coronavirus-crisis/
66,https://insights.blackcoffer.com/impacts-of-covid-19-on-vegetable-vendors-and-food-stalls/
67,https://insights.blackcoffer.com/impacts-of-covid-19-on-vegetable-vendors/
68,https://insights.blackcoffer.com/impact-of-covid-19-pandemic-on-tourism-aviation-industries/
69,https://insights.blackcoffer.com/impact-of-covid-19-pandemic-on-sports-events-around-the-world/
70,https://insights.blackcoffer.com/changing-landscape-and-emerging-trends-in-the-indian-it-ites-industry/
71,https://insights.blackcoffer.com/online-gaming-adolescent-online-gaming-effects-demotivated-depression-musculoskeletal-and-psychosomatic-symptoms/
72,https://insights.blackcoffer.com/human-rights-outlook/
73,https://insights.blackcoffer.com/how-voice-search-makes-your-business-a-successful-business/
74,https://insights.blackcoffer.com/how-the-covid-19-crisis-is-redefining-jobs-and-services/
75,https://insights.blackcoffer.com/how-to-increase-social-media-engagement-for-marketers/
76,https://insights.blackcoffer.com/impacts-of-covid-19-on-streets-sides-food-stalls/
77,https://insights.blackcoffer.com/coronavirus-impact-on-energy-markets-2/
78,https://insights.blackcoffer.com/coronavirus-impact-on-the-hospitality-industry-5/
79,https://insights.blackcoffer.com/lessons-from-the-past-some-key-learnings-relevant-to-the-coronavirus-crisis-4/
80,https://insights.blackcoffer.com/estimating-the-impact-of-covid-19-on-the-world-of-work-2/
81,https://insights.blackcoffer.com/estimating-the-impact-of-covid-19-on-the-world-of-work-3/
82,https://insights.blackcoffer.com/travel-and-tourism-outlook/
83,https://insights.blackcoffer.com/gaming-disorder-and-effects-of-gaming-on-health/
84,https://insights.blackcoffer.com/what-is-the-repercussion-of-the-environment-due-to-the-covid-19-pandemic-situation/
85,https://insights.blackcoffer.com/what-is-the-repercussion-of-the-environment-due-to-the-covid-19-pandemic-situation-2/
86,https://insights.blackcoffer.com/impact-of-covid-19-pandemic-on-office-space-and-co-working-industries/
87,https://insights.blackcoffer.com/contribution-of-handicrafts-visual-arts-literature-in-the-indian-economy/
88,https://insights.blackcoffer.com/how-covid-19-is-impacting-payment-preferences/
89,https://insights.blackcoffer.com/how-will-covid-19-affect-the-world-of-work-2/
90,https://insights.blackcoffer.com/lessons-from-the-past-some-key-learnings-relevant-to-the-coronavirus-crisis/
91,https://insights.blackcoffer.com/covid-19-how-have-countries-been-responding/
92,https://insights.blackcoffer.com/coronavirus-impact-on-the-hospitality-industry-2/
93,https://insights.blackcoffer.com/how-will-covid-19-affect-the-world-of-work-3/
94,https://insights.blackcoffer.com/coronavirus-impact-on-the-hospitality-industry-3/
95,https://insights.blackcoffer.com/estimating-the-impact-of-covid-19-on-the-world-of-work/
96,https://insights.blackcoffer.com/covid-19-how-have-countries-been-responding-2/
97,https://insights.blackcoffer.com/how-will-covid-19-affect-the-world-of-work-4/
98,https://insights.blackcoffer.com/lessons-from-the-past-some-key-learnings-relevant-to-the-coronavirus-crisis-2/
99,https://insights.blackcoffer.com/lessons-from-the-past-some-key-learnings-relevant-to-the-coronavirus-crisis-3/
100,https://insights.blackcoffer.com/coronavirus-impact-on-the-hospitality-industry-4/
101,https://insights.blackcoffer.com/why-scams-like-nirav-modi-happen-with-indian-banks/
102,https://insights.blackcoffer.com/impact-of-covid-19-on-the-global-economy/
103,https://insights.blackcoffer.com/impact-of-covid-19coronavirus-on-the-indian-economy-2/
104,https://insights.blackcoffer.com/impact-of-covid-19-on-the-global-economy-2/
105,https://insights.blackcoffer.com/impact-of-covid-19-coronavirus-on-the-indian-economy-3/
106,https://insights.blackcoffer.com/should-celebrities-be-allowed-to-join-politics/
107,https://insights.blackcoffer.com/how-prepared-is-india-to-tackle-a-possible-covid-19-outbreak/
108,https://insights.blackcoffer.com/how-will-covid-19-affect-the-world-of-work/
109,https://insights.blackcoffer.com/controversy-as-a-marketing-strategy/
110,https://insights.blackcoffer.com/coronavirus-impact-on-the-hospitality-industry/
111,https://insights.blackcoffer.com/coronavirus-impact-on-energy-markets/
112,https://insights.blackcoffer.com/what-are-the-key-policies-that-will-mitigate-the-impacts-of-covid-19-on-the-world-of-work/
113,https://insights.blackcoffer.com/marketing-drives-results-with-a-focus-on-problems/
114,https://insights.blackcoffer.com/continued-demand-for-sustainability/
115,https://insights.blackcoffer.com/coronavirus-disease-covid-19-effect-the-impact-and-role-of-mass-media-during-the-pandemic/
116,https://insights.blackcoffer.com/should-people-wear-fabric-gloves-seeking-evidence-regarding-the-differential-transfer-of-covid-19-or-coronaviruses-generally-between-surfaces/
117,https://insights.blackcoffer.com/why-is-there-a-severe-immunological-and-inflammatory-explosion-in-those-affected-by-sarms-covid-19/
118,https://insights.blackcoffer.com/what-do-you-think-is-the-lesson-or-lessons-to-be-learned-with-covid-19/
119,https://insights.blackcoffer.com/coronavirus-the-unexpected-challenge-for-the-european-union/
120,https://insights.blackcoffer.com/industrial-revolution-4-0-pros-and-cons/
121,https://insights.blackcoffer.com/impact-of-covid-19-coronavirus-on-the-indian-economy/
122,https://insights.blackcoffer.com/impact-of-covid-19-coronavirus-on-the-indian-economy-2/
123,https://insights.blackcoffer.com/impact-of-covid-19coronavirus-on-the-indian-economy/
124,https://insights.blackcoffer.com/impact-of-covid-19-coronavirus-on-the-global-economy/
125,https://insights.blackcoffer.com/ensuring-growth-through-insurance-technology/
126,https://insights.blackcoffer.com/blockchain-in-fintech/
127,https://insights.blackcoffer.com/blockchain-for-payments/
128,https://insights.blackcoffer.com/the-future-of-investing/
129,https://insights.blackcoffer.com/big-data-analytics-in-healthcare/
130,https://insights.blackcoffer.com/business-analytics-in-the-healthcare-industry/
131,https://insights.blackcoffer.com/challenges-and-opportunities-of-big-data-in-healthcare/
132,https://insights.blackcoffer.com/obstacles-to-data-driven-healthcare/
133,https://insights.blackcoffer.com/monetization-of-data-innovate-to-harvest-the-full-value-of-data/
134,https://insights.blackcoffer.com/traceability-of-information-master-your-data-capital/
135,https://insights.blackcoffer.com/bank-risk-management-india/
136,https://insights.blackcoffer.com/advance-analytics-for-refocusing-profits/
137,https://insights.blackcoffer.com/role-of-big-data-analytics-banking-and-finance/
138,https://insights.blackcoffer.com/mitigating-bank-risk-management/
139,https://insights.blackcoffer.com/future-of-bank-risk-management/
140,https://insights.blackcoffer.com/advanced-analytics-redefining-banking/
141,https://insights.blackcoffer.com/marketing-analytics-needs/
142,https://insights.blackcoffer.com/big-data-analytics-to-bring-transparency-and-good-governance/
143,https://insights.blackcoffer.com/how-political-leaders-will-shape-tomorrow-using-big-data-analytics/
144,https://insights.blackcoffer.com/big-data-and-analytics-to-help-form-political-leaders-win-election/
145,https://insights.blackcoffer.com/the-emergence-of-data-analytics/
146,https://insights.blackcoffer.com/how-artificial-intelligence-can-deliver-real-value-to-companies-2/
147,https://insights.blackcoffer.com/the-prospective-recipe-of-success-in-the-age-of-analytics/
148,https://insights.blackcoffer.com/using-people-analytics-to-drive-business-performance/
149,https://insights.blackcoffer.com/how-artificial-intelligence-can-deliver-real-value-to-companies/
150,https://insights.blackcoffer.com/big-data-analytics-through-iot-in-oil-and-gas-industry/
151,https://insights.blackcoffer.com/how-big-data-and-analytics-is-helping-marketing-leaders/
152,https://insights.blackcoffer.com/what-analytics-outsourcing-engagement-model-is-right-for-you/
153,https://insights.blackcoffer.com/big-data-analytics-solving-problems-banking-and-finance-industry/
154,https://insights.blackcoffer.com/analytics-healthcare-industry/
155,https://insights.blackcoffer.com/business-analytics-textile-industry/
156,https://insights.blackcoffer.com/big-data-marketing-reality/
157,https://insights.blackcoffer.com/understanding-millennial-market/
158,https://insights.blackcoffer.com/analytics-helping-fashion-e-tailers-develop-markets-developing-countries/
159,https://insights.blackcoffer.com/big-data-analytics-change-healthcare-developing-countries/
160,https://insights.blackcoffer.com/big-data-analytics-help-voters-know-political-leaders/
161,https://insights.blackcoffer.com/digital-transformation-oil-gas/
162,https://insights.blackcoffer.com/data-analytics-reduce-cost-production/
163,https://insights.blackcoffer.com/gaining-insights-internal-data-retail/
164,https://insights.blackcoffer.com/role-big-data-cyber-security/
165,https://insights.blackcoffer.com/role-big-data-healthcare/
166,https://insights.blackcoffer.com/data-driven-dashboards/
167,https://insights.blackcoffer.com/role-big-data-academia/
168,https://insights.blackcoffer.com/sales-forecasting-in-retail/
169,https://insights.blackcoffer.com/detect-data-exfiltration-over-the-network/
170,https://insights.blackcoffer.com/data-exfiltration/
171,https://insights.blackcoffer.com/impacts-of-covid-19-on-vegetable-vendors-and-food-stalls/